,identifier,score
0,7T2A_2,1.0
1,7T2B_2,1.0
2,7T2C_4,1.0
3,7T2D_2,1.0
4,7T6I_2,0.3333333333333333
5,7ZAK_2,0.3333333333333333
6,7ZFR_2,0.3333333333333333
7,3LQZ_2,0.16666666666666666
8,4P4K_2,0.16666666666666666
9,4P4R_2,0.16666666666666666
